date,date1,price
 98/01/05, 98/01/05,34.2
 98/01/06, 98/01/06,34.18
 98/01/07, 98/01/07,34.63
 98/01/08, 98/01/08,32.43
 98/01/09, 98/01/09,32.22
 98/01/10, 98/01/10,32.01
 98/01/12, 98/01/12,31.96
 98/01/13, 98/01/13,32.66
 98/01/14, 98/01/14,32.5
 98/01/15, 98/01/15,31
 98/01/16, 98/01/16,31.38
 98/01/17, 98/01/17,31.4
 98/01/19, 98/01/19,31.53
 98/01/20, 98/01/20,30.7
 98/01/21, 98/01/21,30.5
 98/02/02, 98/02/02,30.88
 98/02/03, 98/02/03,31.47
 98/02/04, 98/02/04,31.69
 98/02/05, 98/02/05,31.43
 98/02/06, 98/02/06,32.2
 98/02/09, 98/02/09,32.5
 98/02/10, 98/02/10,32.7
 98/02/11, 98/02/11,33.25
 98/02/12, 98/02/12,32.35
 98/02/13, 98/02/13,33.28
 98/02/16, 98/02/16,33.21
 98/02/17, 98/02/17,32.44
 98/02/18, 98/02/18,32.49
 98/02/19, 98/02/19,32.92
 98/02/20, 98/02/20,32.1
 98/02/23, 98/02/23,32.44
 98/02/24, 98/02/24,32.16
 98/02/25, 98/02/25,32.74
 98/02/26, 98/02/26,32.8
 98/02/27, 98/02/27,33.05
 98/03/02, 98/03/02,31.93
 98/03/03, 98/03/03,31.95
 98/03/04, 98/03/04,32.75
 98/03/05, 98/03/05,33.45
 98/03/06, 98/03/06,33.67
 98/03/09, 98/03/09,33.32
 98/03/10, 98/03/10,33.48
 98/03/11, 98/03/11,34.25
 98/03/12, 98/03/12,34.05
 98/03/13, 98/03/13,35
 98/03/16, 98/03/16,35.53
 98/03/17, 98/03/17,36.17
 98/03/18, 98/03/18,36.1
 98/03/19, 98/03/19,35.9
 98/03/20, 98/03/20,35.42
 98/03/23, 98/03/23,36.57
 98/03/24, 98/03/24,37.45
 98/03/25, 98/03/25,37.82
 98/03/26, 98/03/26,38.1
 98/03/27, 98/03/27,37.77
 98/03/30, 98/03/30,36.29
 98/03/31, 98/03/31,36.64
 98/04/01, 98/04/01,37.29
 98/04/02, 98/04/02,38.58
 98/04/03, 98/04/03,38.6
 98/04/06, 98/04/06,38.79
 98/04/07, 98/04/07,38.8
 98/04/08, 98/04/08,37.73
 98/04/09, 98/04/09,39.28
 98/04/10, 98/04/10,39.97
 98/04/13, 98/04/13,40.18
 98/04/14, 98/04/14,40.5
 98/04/15, 98/04/15,40.25
 98/04/16, 98/04/16,41.2
 98/04/17, 98/04/17,39.88
 98/04/20, 98/04/20,40.17
 98/04/21, 98/04/21,40.78
 98/04/22, 98/04/22,40.65
 98/04/23, 98/04/23,40.46
 98/04/24, 98/04/24,40.5
 98/04/27, 98/04/27,39.52
 98/04/28, 98/04/28,39.05
 98/04/29, 98/04/29,39.4
 98/04/30, 98/04/30,42.15
 98/05/04, 98/05/04,45.1
 98/05/05, 98/05/05,46.3
 98/05/06, 98/05/06,46.4
 98/05/07, 98/05/07,46.3
 98/05/08, 98/05/08,45.83
 98/05/11, 98/05/11,46.2
 98/05/12, 98/05/12,44.6
 98/05/13, 98/05/13,44.67
 98/05/14, 98/05/14,43.65
 98/05/15, 98/05/15,44.8
 98/05/18, 98/05/18,45.06
 98/05/19, 98/05/19,46.1
 98/05/20, 98/05/20,46.3
 98/05/21, 98/05/21,45.95
 98/05/22, 98/05/22,45.78
 98/05/25, 98/05/25,45.73
 98/05/26, 98/05/26,45.6
 98/05/27, 98/05/27,48
 98/06/01, 98/06/01,47.72
 98/06/02, 98/06/02,47.85
 98/06/03, 98/06/03,47.79
 98/06/04, 98/06/04,46.7
 98/06/05, 98/06/05,46.62
 98/06/06, 98/06/06,46.9
 98/06/08, 98/06/08,45.71
 98/06/09, 98/06/09,44.45
 98/06/10, 98/06/10,44.85
 98/06/11, 98/06/11,45.25
 98/06/12, 98/06/12,44.66
 98/06/15, 98/06/15,43.04
 98/06/16, 98/06/16,43.05
 98/06/17, 98/06/17,42.97
 98/06/18, 98/06/18,42.75
 98/06/19, 98/06/19,43.25
 98/06/22, 98/06/22,43.9
 98/06/23, 98/06/23,42.85
 98/06/24, 98/06/24,44.08
 98/06/25, 98/06/25,44.58
 98/06/26, 98/06/26,44.6
 98/06/29, 98/06/29,44.28
 98/06/30, 98/06/30,44.46
 98/07/01, 98/07/01,45.45
 98/07/02, 98/07/02,45.9
 98/07/03, 98/07/03,45.8
 98/07/06, 98/07/06,45.69
 98/07/07, 98/07/07,46.19
 98/07/08, 98/07/08,45.66
 98/07/09, 98/07/09,46.5
 98/07/10, 98/07/10,46.78
 98/07/13, 98/07/13,45.3
 98/07/14, 98/07/14,46.14
 98/07/15, 98/07/15,47.05
 98/07/16, 98/07/16,47.45
 98/07/17, 98/07/17,47.87
 98/07/20, 98/07/20,48.5
 98/07/21, 98/07/21,48.4
 98/07/22, 98/07/22,48.48
 98/07/23, 98/07/23,48.51
 98/07/24, 98/07/24,48.38
 98/07/27, 98/07/27,48.83
 98/07/28, 98/07/28,49.7
 98/07/29, 98/07/29,49.35
 98/07/30, 98/07/30,48.85
 98/07/31, 98/07/31,49.02
 98/08/03, 98/08/03,49.19
 98/08/04, 98/08/04,48.65
 98/08/05, 98/08/05,48.05
 98/08/06, 98/08/06,48.14
 98/08/10, 98/08/10,48.26
 98/08/11, 98/08/11,48.42
 98/08/12, 98/08/12,48.25
 98/08/13, 98/08/13,49.36
 98/08/14, 98/08/14,49.62
 98/08/17, 98/08/17,48.66
 98/08/18, 98/08/18,48.02
 98/08/19, 98/08/19,47.86
 98/08/20, 98/08/20,47.6
 98/08/21, 98/08/21,47.18
 98/08/24, 98/08/24,48.7
 98/08/25, 98/08/25,48.33
 98/08/26, 98/08/26,48
 98/08/27, 98/08/27,47.75
 98/08/28, 98/08/28,48.4
 98/08/31, 98/08/31,48.45
 98/09/01, 98/09/01,50.2
 98/09/02, 98/09/02,50.2
 98/09/03, 98/09/03,50.45
 98/09/04, 98/09/04,51.05
 98/09/07, 98/09/07,51.8
 98/09/08, 98/09/08,52.5
 98/09/09, 98/09/09,52.05
 98/09/10, 98/09/10,52.85
 98/09/11, 98/09/11,52.5
 98/09/14, 98/09/14,51.85
 98/09/15, 98/09/15,52.45
 98/09/16, 98/09/16,53.2
 98/09/17, 98/09/17,53.15
 98/09/18, 98/09/18,53.3
 98/09/21, 98/09/21,53.15
 98/09/22, 98/09/22,52.95
 98/09/23, 98/09/23,52.7
 98/09/24, 98/09/24,52
 98/09/25, 98/09/25,52.35
 98/09/28, 98/09/28,51.8
 98/09/29, 98/09/29,52.85
 98/09/30, 98/09/30,53.3
 98/10/01, 98/10/01,53.65
 98/10/02, 98/10/02,52.7
 98/10/05, 98/10/05,52.65
 98/10/06, 98/10/06,53.6
 98/10/07, 98/10/07,53.9
 98/10/08, 98/10/08,53.05
 98/10/09, 98/10/09,53.35
 98/10/12, 98/10/12,53.6
 98/10/13, 98/10/13,53.7
 98/10/14, 98/10/14,54.35
 98/10/15, 98/10/15,54.65
 98/10/16, 98/10/16,54.65
 98/10/19, 98/10/19,54.85
 98/10/20, 98/10/20,54.9
 98/10/21, 98/10/21,54.5
 98/10/22, 98/10/22,53.7
 98/10/23, 98/10/23,53.25
 98/10/26, 98/10/26,53.5
 98/10/27, 98/10/27,53.4
 98/10/28, 98/10/28,52.55
 98/10/29, 98/10/29,51.55
 98/10/30, 98/10/30,51.65
 98/11/02, 98/11/02,51.35
 98/11/03, 98/11/03,51
 98/11/04, 98/11/04,51.95
 98/11/05, 98/11/05,51.85
 98/11/06, 98/11/06,52.25
 98/11/09, 98/11/09,52.75
 98/11/10, 98/11/10,53.15
 98/11/11, 98/11/11,53.85
 98/11/12, 98/11/12,53.8
 98/11/13, 98/11/13,53.65
 98/11/16, 98/11/16,54.55
 98/11/17, 98/11/17,54.1
 98/11/18, 98/11/18,54.15
 98/11/19, 98/11/19,53.95
 98/11/20, 98/11/20,53.45
 98/11/23, 98/11/23,53.4
 98/11/24, 98/11/24,53.65
 98/11/25, 98/11/25,54
 98/11/26, 98/11/26,53.85
 98/11/27, 98/11/27,52.2
 98/11/30, 98/11/30,52.7
 98/12/01, 98/12/01,53.25
 98/12/02, 98/12/02,53.4
 98/12/03, 98/12/03,53.45
 98/12/04, 98/12/04,53.1
 98/12/07, 98/12/07,53.95
 98/12/08, 98/12/08,53.7
 98/12/09, 98/12/09,53.85
 98/12/10, 98/12/10,53
 98/12/11, 98/12/11,53.85
 98/12/14, 98/12/14,53.9
 98/12/15, 98/12/15,53.75
 98/12/16, 98/12/16,53.2
 98/12/17, 98/12/17,53.4
 98/12/18, 98/12/18,53.25
 98/12/21, 98/12/21,53.7
 98/12/22, 98/12/22,54.15
 98/12/23, 98/12/23,54.55
 98/12/24, 98/12/24,55.1
 98/12/25, 98/12/25,55.2
 98/12/28, 98/12/28,55.6
 98/12/29, 98/12/29,55.5
 98/12/30, 98/12/30,55.7
 98/12/31, 98/12/31,56.45
 99/01/04, 99/01/04,56.5
 99/01/05, 99/01/05,56.5
 99/01/06, 99/01/06,57.55
 99/01/07, 99/01/07,57.4
 99/01/08, 99/01/08,57.75
 99/01/11, 99/01/11,57.9
 99/01/12, 99/01/12,57.6
 99/01/13, 99/01/13,56.75
 99/01/14, 99/01/14,57.45
 99/01/15, 99/01/15,57.8
 99/01/18, 99/01/18,57.5
 99/01/19, 99/01/19,56.75
 99/01/20, 99/01/20,56.4
 99/01/21, 99/01/21,55.95
 99/01/22, 99/01/22,54.4
 99/01/25, 99/01/25,54.2
 99/01/26, 99/01/26,52.95
 99/01/27, 99/01/27,52.9
 99/01/28, 99/01/28,54.05
 99/01/29, 99/01/29,53
 99/02/01, 99/02/01,52.4
 99/02/02, 99/02/02,51.85
 99/02/03, 99/02/03,52.75
 99/02/04, 99/02/04,52.55
 99/02/05, 99/02/05,50.75
 99/02/06, 99/02/06,51.2
 99/02/08, 99/02/08,50.85
 99/02/09, 99/02/09,51.55
 99/02/10, 99/02/10,52.1
 99/02/22, 99/02/22,52.6
 99/02/23, 99/02/23,52.6
 99/02/24, 99/02/24,52.25
 99/02/25, 99/02/25,51.65
 99/02/26, 99/02/26,51.55
 99/03/01, 99/03/01,52.8
 99/03/02, 99/03/02,52.65
 99/03/03, 99/03/03,52.65
 99/03/04, 99/03/04,52.2
 99/03/05, 99/03/05,52.95
 99/03/08, 99/03/08,53.65
 99/03/09, 99/03/09,53.8
 99/03/10, 99/03/10,53.8
 99/03/11, 99/03/11,53.65
 99/03/12, 99/03/12,53.6
 99/03/15, 99/03/15,52.85
 99/03/16, 99/03/16,53.1
 99/03/17, 99/03/17,54.15
 99/03/18, 99/03/18,54.4
 99/03/19, 99/03/19,54.25
 99/03/22, 99/03/22,53.7
 99/03/23, 99/03/23,53.35
 99/03/24, 99/03/24,53.5
 99/03/25, 99/03/25,53.5
 99/03/26, 99/03/26,54
 99/03/29, 99/03/29,54.5
 99/03/30, 99/03/30,54.45
 99/03/31, 99/03/31,54.25
 99/04/01, 99/04/01,54.75
 99/04/02, 99/04/02,54.75
 99/04/06, 99/04/06,55.3
 99/04/07, 99/04/07,55.4
 99/04/08, 99/04/08,55.05
 99/04/09, 99/04/09,55.2
 99/04/12, 99/04/12,55.45
 99/04/13, 99/04/13,54.8
 99/04/14, 99/04/14,55.2
 99/04/15, 99/04/15,55.55
 99/04/16, 99/04/16,55.2
 99/04/19, 99/04/19,53.65
 99/04/20, 99/04/20,53.85
 99/04/21, 99/04/21,54.55
 99/04/22, 99/04/22,54.45
 99/04/23, 99/04/23,54.75
 99/04/26, 99/04/26,55.9
 99/04/27, 99/04/27,55.85
 99/04/28, 99/04/28,55.25
 99/04/29, 99/04/29,55
 99/04/30, 99/04/30,54.8
 99/05/03, 99/05/03,54.45
 99/05/04, 99/05/04,54.5
 99/05/05, 99/05/05,53
 99/05/06, 99/05/06,51.95
 99/05/07, 99/05/07,51.95
 99/05/10, 99/05/10,52.4
 99/05/11, 99/05/11,52.2
 99/05/12, 99/05/12,52.1
 99/05/13, 99/05/13,53.25
 99/05/14, 99/05/14,53.1
 99/05/17, 99/05/17,51.9
 99/05/18, 99/05/18,52
 99/05/19, 99/05/19,51.45
 99/05/20, 99/05/20,50.8
 99/05/21, 99/05/21,49.75
 99/05/24, 99/05/24,50.45
 99/05/25, 99/05/25,49.12
 99/05/26, 99/05/26,49.32
 99/05/27, 99/05/27,49.66
 99/05/28, 99/05/28,49.87
 99/05/31, 99/05/31,50.1
 99/06/01, 99/06/01,49.83
 99/06/02, 99/06/02,49.05
 99/06/03, 99/06/03,50.2
 99/06/04, 99/06/04,50.05
 99/06/07, 99/06/07,48.74
 99/06/08, 99/06/08,48.56
 99/06/09, 99/06/09,48.18
 99/06/10, 99/06/10,48.85
 99/06/11, 99/06/11,49.62
 99/06/14, 99/06/14,50.35
 99/06/15, 99/06/15,50.7
 99/06/17, 99/06/17,51.05
 99/06/18, 99/06/18,50.9
 99/06/21, 99/06/21,52
 99/06/22, 99/06/22,51.7
 99/06/23, 99/06/23,51.15
 99/06/24, 99/06/24,51.3
 99/06/25, 99/06/25,50.6
 99/06/28, 99/06/28,50.8
 99/06/29, 99/06/29,50.5
 99/06/30, 99/06/30,49.55
 99/07/01, 99/07/01,49.19
 99/07/02, 99/07/02,49.49
 99/07/05, 99/07/05,50.5
 99/07/06, 99/07/06,51.4
 99/07/07, 99/07/07,51.3
 99/07/08, 99/07/08,52.05
 99/07/09, 99/07/09,52.35
 99/07/12, 99/07/12,52.3
 99/07/13, 99/07/13,52.15
 99/07/14, 99/07/14,53.15
 99/07/15, 99/07/15,53.25
 99/07/16, 99/07/16,52.9
 99/07/19, 99/07/19,52.75
 99/07/20, 99/07/20,53.2
 99/07/21, 99/07/21,52.9
 99/07/22, 99/07/22,52.95
 99/07/23, 99/07/23,53.7
 99/07/26, 99/07/26,53.85
 99/07/27, 99/07/27,53.6
 99/07/28, 99/07/28,54.05
 99/07/29, 99/07/29,54.1
 99/07/30, 99/07/30,53.9
 99/08/02, 99/08/02,54.95
 99/08/03, 99/08/03,55.2
 99/08/04, 99/08/04,55.1
 99/08/05, 99/08/05,55.05
 99/08/06, 99/08/06,55.2
 99/08/09, 99/08/09,55.5
 99/08/10, 99/08/10,55.4
 99/08/11, 99/08/11,54.7
 99/08/12, 99/08/12,54.25
 99/08/13, 99/08/13,54.85
 99/08/16, 99/08/16,55
 99/08/17, 99/08/17,54.95
 99/08/18, 99/08/18,54.65
 99/08/19, 99/08/19,54.95
 99/08/20, 99/08/20,54.95
 99/08/23, 99/08/23,55.3
 99/08/24, 99/08/24,54.95
 99/08/25, 99/08/25,53.95
 99/08/26, 99/08/26,53.6
 99/08/27, 99/08/27,53.85
 99/08/30, 99/08/30,54.1
 99/08/31, 99/08/31,53.3
 99/09/01, 99/09/01,53.7
 99/09/02, 99/09/02,54
 99/09/03, 99/09/03,54.55
 99/09/06, 99/09/06,54.95
 99/09/07, 99/09/07,54.85
 99/09/08, 99/09/08,54.75
 99/09/09, 99/09/09,54.75
 99/09/10, 99/09/10,55.25
 99/09/13, 99/09/13,56.8
 99/09/14, 99/09/14,57
 99/09/15, 99/09/15,57.25
 99/09/16, 99/09/16,56.65
 99/09/17, 99/09/17,57.3
 99/09/20, 99/09/20,57.25
 99/09/21, 99/09/21,57.35
 99/09/23, 99/09/23,57.35
 99/09/24, 99/09/24,57
 99/09/27, 99/09/27,57.5
 99/09/28, 99/09/28,57.4
 99/09/29, 99/09/29,57.8
 99/09/30, 99/09/30,57.7
 99/10/01, 99/10/01,57.75
 99/10/04, 99/10/04,57.75
 99/10/05, 99/10/05,57.4
 99/10/06, 99/10/06,57.75
 99/10/07, 99/10/07,57.95
 99/10/08, 99/10/08,57.6
 99/10/11, 99/10/11,56.95
 99/10/12, 99/10/12,56.2
 99/10/13, 99/10/13,56.55
 99/10/14, 99/10/14,57.45
 99/10/15, 99/10/15,57.35
 99/10/18, 99/10/18,56.2
 99/10/19, 99/10/19,56.05
 99/10/20, 99/10/20,56.7
 99/10/21, 99/10/21,56.75
 99/10/22, 99/10/22,57.1
 99/10/25, 99/10/25,56.1
 99/10/26, 99/10/26,56.35
 99/10/27, 99/10/27,56.05
 99/10/28, 99/10/28,56.5
 99/10/29, 99/10/29,56
 99/11/01, 99/11/01,56.8
 99/11/02, 99/11/02,56.8
 99/11/03, 99/11/03,56.7
 99/11/04, 99/11/04,57.05
 99/11/05, 99/11/05,57.65
 99/11/08, 99/11/08,57.55
 99/11/09, 99/11/09,57.7
 99/11/10, 99/11/10,57.65
 99/11/11, 99/11/11,57.5
 99/11/12, 99/11/12,56.35
 99/11/15, 99/11/15,56.15
 99/11/16, 99/11/16,56.75
 99/11/17, 99/11/17,56.5
 99/11/18, 99/11/18,56.6
 99/11/19, 99/11/19,56.65
 99/11/22, 99/11/22,57.35
 99/11/23, 99/11/23,56.9
 99/11/24, 99/11/24,56.85
 99/11/25, 99/11/25,57.1
 99/11/26, 99/11/26,56.8
 99/11/29, 99/11/29,56.9
 99/11/30, 99/11/30,57.1
 99/12/01, 99/12/01,58
 99/12/02, 99/12/02,58.45
 99/12/03, 99/12/03,59
 99/12/06, 99/12/06,59.15
 99/12/07, 99/12/07,59.1
 99/12/08, 99/12/08,59.1
 99/12/09, 99/12/09,59.7
 99/12/10, 99/12/10,59.3
 99/12/13, 99/12/13,59.45
 99/12/14, 99/12/14,59.3
 99/12/15, 99/12/15,59.6
 99/12/16, 99/12/16,59.7
 99/12/17, 99/12/17,60.2
 99/12/20, 99/12/20,59.9
 99/12/21, 99/12/21,60.05
 99/12/22, 99/12/22,60.05
 99/12/23, 99/12/23,60.45
 99/12/24, 99/12/24,60.2
 99/12/27, 99/12/27,60.45
 99/12/28, 99/12/28,60.35
 99/12/29, 99/12/29,60.5
 99/12/30, 99/12/30,60.8
 99/12/31, 99/12/31,61.4
100/01/03,100/01/03,61.45
100/01/04,100/01/04,61.3
100/01/05,100/01/05,60.3
100/01/06,100/01/06,60.2
100/01/07,100/01/07,59.65
100/01/10,100/01/10,59.85
100/01/11,100/01/11,60.85
100/01/12,100/01/12,61.1
100/01/13,100/01/13,61.05
100/01/14,100/01/14,61
100/01/17,100/01/17,60.85
100/01/18,100/01/18,61.35
100/01/19,100/01/19,62.05
100/01/20,100/01/20,61.65
100/01/21,100/01/21,61
100/01/24,100/01/24,60.95
100/01/25,100/01/25,61.45
100/01/26,100/01/26,62
100/01/27,100/01/27,62.45
100/01/28,100/01/28,63
100/02/08,100/02/08,62.6
100/02/09,100/02/09,62
100/02/10,100/02/10,60.85
100/02/11,100/02/11,58.9
100/02/14,100/02/14,59.4
100/02/15,100/02/15,59.75
100/02/16,100/02/16,59.85
100/02/17,100/02/17,59.65
100/02/18,100/02/18,60.65
100/02/21,100/02/21,60.65
100/02/22,100/02/22,59.85
100/02/23,100/02/23,59
100/02/24,100/02/24,59
100/02/25,100/02/25,59.5
100/03/01,100/03/01,59.95
100/03/02,100/03/02,59.45
100/03/03,100/03/03,60.2
100/03/04,100/03/04,60.65
100/03/07,100/03/07,60.2
100/03/08,100/03/08,60.25
100/03/09,100/03/09,60.2
100/03/10,100/03/10,59.5
100/03/11,100/03/11,58.85
100/03/14,100/03/14,58.8
100/03/15,100/03/15,57.5
100/03/16,100/03/16,57.3
100/03/17,100/03/17,57.3
100/03/18,100/03/18,57.75
100/03/21,100/03/21,58.1
100/03/22,100/03/22,58.4
100/03/23,100/03/23,58.5
100/03/24,100/03/24,58.75
100/03/25,100/03/25,59.35
100/03/28,100/03/28,59.15
100/03/29,100/03/29,59.25
100/03/30,100/03/30,59.6
100/03/31,100/03/31,59.55
100/04/01,100/04/01,59.85
100/04/06,100/04/06,61.15
100/04/07,100/04/07,61.3
100/04/08,100/04/08,61.1
100/04/11,100/04/11,61.1
100/04/12,100/04/12,60.05
100/04/13,100/04/13,60.4
100/04/14,100/04/14,60.35
100/04/15,100/04/15,59.65
100/04/18,100/04/18,59.55
100/04/19,100/04/19,59.2
100/04/20,100/04/20,60.3
100/04/21,100/04/21,61.7
100/04/22,100/04/22,61.6
100/04/25,100/04/25,61.45
100/04/26,100/04/26,61.2
100/04/27,100/04/27,62.15
100/04/28,100/04/28,62.15
100/04/29,100/04/29,62
100/05/03,100/05/03,62.15
100/05/04,100/05/04,61.8
100/05/05,100/05/05,62.25
100/05/06,100/05/06,61.95
100/05/09,100/05/09,62.3
100/05/10,100/05/10,62.3
100/05/11,100/05/11,62.05
100/05/12,100/05/12,62.25
100/05/13,100/05/13,62.05
100/05/16,100/05/16,61.3
100/05/17,100/05/17,61.25
100/05/18,100/05/18,61.6
100/05/19,100/05/19,61.05
100/05/20,100/05/20,61.1
100/05/23,100/05/23,60.35
100/05/24,100/05/24,60.45
100/05/25,100/05/25,60.25
100/05/26,100/05/26,60.85
100/05/27,100/05/27,60.6
100/05/30,100/05/30,60.5
100/05/31,100/05/31,62
100/06/01,100/06/01,62.35
100/06/02,100/06/02,61.9
100/06/03,100/06/03,62.2
100/06/07,100/06/07,62.2
100/06/08,100/06/08,62
100/06/09,100/06/09,62
100/06/10,100/06/10,60.55
100/06/13,100/06/13,59.75
100/06/14,100/06/14,60.75
100/06/15,100/06/15,60.5
100/06/16,100/06/16,59.4
100/06/17,100/06/17,59.2
100/06/20,100/06/20,58.6
100/06/21,100/06/21,59.05
100/06/22,100/06/22,59.2
100/06/23,100/06/23,58.65
100/06/24,100/06/24,58.2
100/06/27,100/06/27,57.8
100/06/28,100/06/28,57.65
100/06/29,100/06/29,58.65
100/06/30,100/06/30,58.85
100/07/01,100/07/01,59.7
100/07/04,100/07/04,60.05
100/07/05,100/07/05,59.95
100/07/06,100/07/06,60.6
100/07/07,100/07/07,60.35
100/07/08,100/07/08,60.05
100/07/11,100/07/11,59.65
100/07/12,100/07/12,58.7
100/07/13,100/07/13,58.7
100/07/14,100/07/14,58.9
100/07/15,100/07/15,59.2
100/07/18,100/07/18,59
100/07/19,100/07/19,58.9
100/07/20,100/07/20,60.45
100/07/21,100/07/21,60.6
100/07/22,100/07/22,61
100/07/25,100/07/25,60.4
100/07/26,100/07/26,61.2
100/07/27,100/07/27,61.35
100/07/28,100/07/28,60.85
100/07/29,100/07/29,59.9
100/08/01,100/08/01,60.35
100/08/02,100/08/02,59.55
100/08/03,100/08/03,58.6
100/08/04,100/08/04,57.85
100/08/05,100/08/05,54.45
100/08/08,100/08/08,53.5
100/08/09,100/08/09,53
100/08/10,100/08/10,54.1
100/08/11,100/08/11,54.1
100/08/12,100/08/12,53.55
100/08/15,100/08/15,54.6
100/08/16,100/08/16,54.35
100/08/17,100/08/17,53.95
100/08/18,100/08/18,52.95
100/08/19,100/08/19,51.1
100/08/22,100/08/22,51.5
100/08/23,100/08/23,53.3
100/08/24,100/08/24,52.6
100/08/25,100/08/25,52.35
100/08/26,100/08/26,53.05
100/08/29,100/08/29,53.8
100/08/30,100/08/30,54.2
100/08/31,100/08/31,54.55
100/09/01,100/09/01,55.15
100/09/02,100/09/02,55.15
100/09/05,100/09/05,53.6
100/09/06,100/09/06,52.55
100/09/07,100/09/07,53.55
100/09/08,100/09/08,53.7
100/09/09,100/09/09,54.15
100/09/13,100/09/13,52.65
100/09/14,100/09/14,51.6
100/09/15,100/09/15,52.85
100/09/16,100/09/16,54.1
100/09/19,100/09/19,53.2
100/09/20,100/09/20,53.4
100/09/21,100/09/21,53.6
100/09/22,100/09/22,52.1
100/09/23,100/09/23,50.35
100/09/26,100/09/26,49.32
100/09/27,100/09/27,51.1
100/09/28,100/09/28,51.15
100/09/29,100/09/29,51.6
100/09/30,100/09/30,51.65
100/10/03,100/10/03,50.3
100/10/04,100/10/04,50.75
100/10/05,100/10/05,50.25
100/10/06,100/10/06,51.25
100/10/07,100/10/07,51.55
100/10/11,100/10/11,53
100/10/12,100/10/12,52.85
100/10/13,100/10/13,52.8
100/10/14,100/10/14,52.45
100/10/17,100/10/17,53.1
100/10/18,100/10/18,52.55
100/10/19,100/10/19,52.35
100/10/20,100/10/20,51.75
100/10/21,100/10/21,51.95
100/10/24,100/10/24,53.6
100/10/25,100/10/25,53.6
100/10/26,100/10/26,52.15
100/10/27,100/10/27,52.25
100/10/28,100/10/28,52.4
100/10/31,100/10/31,52.2
100/11/01,100/11/01,52.55
100/11/02,100/11/02,52.4
100/11/03,100/11/03,51.45
100/11/04,100/11/04,52.3
100/11/07,100/11/07,52.4
100/11/08,100/11/08,52.15
100/11/09,100/11/09,52.2
100/11/10,100/11/10,50.55
100/11/11,100/11/11,50.9
100/11/14,100/11/14,52.15
100/11/15,100/11/15,51.85
100/11/16,100/11/16,51.2
100/11/17,100/11/17,51.35
100/11/18,100/11/18,50.3
100/11/21,100/11/21,49.23
100/11/22,100/11/22,49.02
100/11/23,100/11/23,47.85
100/11/24,100/11/24,47.86
100/11/25,100/11/25,47.44
100/11/28,100/11/28,48.29
100/11/29,100/11/29,48.72
100/11/30,100/11/30,48.08
100/12/01,100/12/01,50.3
100/12/02,100/12/02,49.82
100/12/05,100/12/05,49.66
100/12/06,100/12/06,48.69
100/12/07,100/12/07,49.2
100/12/08,100/12/08,48.86
100/12/09,100/12/09,48.24
100/12/12,100/12/12,48.8
100/12/13,100/12/13,48.55
100/12/14,100/12/14,48.59
100/12/15,100/12/15,47.5
100/12/16,100/12/16,47.7
100/12/19,100/12/19,46.74
100/12/20,100/12/20,47
100/12/21,100/12/21,49.28
100/12/22,100/12/22,49.16
100/12/23,100/12/23,50
100/12/26,100/12/26,49.95
100/12/27,100/12/27,49.85
100/12/28,100/12/28,49.57
100/12/29,100/12/29,49.61
100/12/30,100/12/30,49.81
101/01/02,101/01/02,49.06
101/01/03,101/01/03,49.7
101/01/04,101/01/04,50
101/01/05,101/01/05,50.15
101/01/06,101/01/06,50
101/01/09,101/01/09,49.81
101/01/10,101/01/10,50.7
101/01/11,101/01/11,50.65
101/01/12,101/01/12,50.75
101/01/13,101/01/13,50.85
101/01/16,101/01/16,50.05
101/01/17,101/01/17,50.55
101/01/18,101/01/18,50.4
101/01/30,101/01/30,51.8
101/01/31,101/01/31,51.95
101/02/01,101/02/01,52.3
101/02/02,101/02/02,52.9
101/02/03,101/02/03,53.05
101/02/04,101/02/04,53.65
101/02/06,101/02/06,53.2
101/02/07,101/02/07,53.3
101/02/08,101/02/08,54.45
101/02/09,101/02/09,54.4
101/02/10,101/02/10,53.95
101/02/13,101/02/13,54.2
101/02/14,101/02/14,54
101/02/15,101/02/15,54.9
101/02/16,101/02/16,54.25
101/02/17,101/02/17,54.75
101/02/20,101/02/20,54.7
101/02/21,101/02/21,54.5
101/02/22,101/02/22,54.85
101/02/23,101/02/23,54.6
101/02/24,101/02/24,54.75
101/02/29,101/02/29,56
101/03/01,101/03/01,55.9
101/03/02,101/03/02,55.6
101/03/03,101/03/03,55.4
101/03/05,101/03/05,54.85
101/03/06,101/03/06,54.6
101/03/07,101/03/07,54.4
101/03/08,101/03/08,54.7
101/03/09,101/03/09,54.95
101/03/12,101/03/12,54.35
101/03/13,101/03/13,55.1
101/03/14,101/03/14,55.9
101/03/15,101/03/15,55.65
101/03/16,101/03/16,55.4
101/03/19,101/03/19,55.25
101/03/20,101/03/20,54.85
101/03/21,101/03/21,54.85
101/03/22,101/03/22,55.6
101/03/23,101/03/23,55.45
101/03/26,101/03/26,54.55
101/03/27,101/03/27,55.25
101/03/28,101/03/28,55.45
101/03/29,101/03/29,54.7
101/03/30,101/03/30,54.9
101/04/02,101/04/02,54.7
101/04/03,101/04/03,54.25
101/04/05,101/04/05,53.65
101/04/06,101/04/06,53.75
101/04/09,101/04/09,53.1
101/04/10,101/04/10,53.1
101/04/11,101/04/11,53.3
101/04/12,101/04/12,53.35
101/04/13,101/04/13,53.95
101/04/16,101/04/16,53.8
101/04/17,101/04/17,52.9
101/04/18,101/04/18,53
101/04/19,101/04/19,53.05
101/04/20,101/04/20,52.35
101/04/23,101/04/23,52.3
101/04/24,101/04/24,52.4
101/04/25,101/04/25,52.7
101/04/26,101/04/26,52.3
101/04/27,101/04/27,52.2
101/04/30,101/04/30,52.05
101/05/02,101/05/02,53.35
101/05/03,101/05/03,53.1
101/05/04,101/05/04,53.2
101/05/07,101/05/07,52.05
101/05/08,101/05/08,52.05
101/05/09,101/05/09,51.7
101/05/10,101/05/10,51.7
101/05/11,101/05/11,51.15
101/05/14,101/05/14,51.2
101/05/15,101/05/15,51.2
101/05/16,101/05/16,50.2
101/05/17,101/05/17,50.8
101/05/18,101/05/18,49.67
101/05/21,101/05/21,49.95
101/05/22,101/05/22,50.4
101/05/23,101/05/23,49.49
101/05/24,101/05/24,49.38
101/05/25,101/05/25,49.01
101/05/28,101/05/28,49.47
101/05/29,101/05/29,50.7
101/05/30,101/05/30,50.1
101/05/31,101/05/31,50.15
101/06/01,101/06/01,49.15
101/06/04,101/06/04,47.68
101/06/05,101/06/05,48.3
101/06/06,101/06/06,48.63
101/06/07,101/06/07,48.74
101/06/08,101/06/08,48
101/06/11,101/06/11,48.99
101/06/12,101/06/12,48.61
101/06/13,101/06/13,48.71
101/06/14,101/06/14,48.78
101/06/15,101/06/15,49.4
101/06/18,101/06/18,50.2
101/06/19,101/06/19,49.91
101/06/20,101/06/20,50.45
101/06/21,101/06/21,50.15
101/06/22,101/06/22,49.56
101/06/25,101/06/25,49.2
101/06/26,101/06/26,48.99
101/06/27,101/06/27,49.45
101/06/28,101/06/28,49.53
101/06/29,101/06/29,50.2
101/07/02,101/07/02,50.6
101/07/03,101/07/03,51.2
101/07/04,101/07/04,51.4
101/07/05,101/07/05,51.3
101/07/06,101/07/06,51
101/07/09,101/07/09,50.95
101/07/10,101/07/10,50.4
101/07/11,101/07/11,50.55
101/07/12,101/07/12,49.65
101/07/13,101/07/13,49.5
101/07/16,101/07/16,49.5
101/07/17,101/07/17,49.85
101/07/18,101/07/18,49.2
101/07/19,101/07/19,50.2
101/07/20,101/07/20,50.15
101/07/23,101/07/23,49.25
101/07/24,101/07/24,49.12
101/07/25,101/07/25,48.86
101/07/26,101/07/26,48.94
101/07/27,101/07/27,49.92
101/07/30,101/07/30,50.25
101/07/31,101/07/31,51.1
101/08/01,101/08/01,51.2
101/08/03,101/08/03,50.9
101/08/06,101/08/06,51.55
101/08/07,101/08/07,51.6
101/08/08,101/08/08,51.75
101/08/09,101/08/09,52.85
101/08/10,101/08/10,52.8
101/08/13,101/08/13,53
101/08/14,101/08/14,53.25
101/08/15,101/08/15,53.05
101/08/16,101/08/16,53.2
101/08/17,101/08/17,52.95
101/08/20,101/08/20,52.8
101/08/21,101/08/21,53.4
101/08/22,101/08/22,53.35
101/08/23,101/08/23,53.3
101/08/24,101/08/24,53.1
101/08/27,101/08/27,53.2
101/08/28,101/08/28,52.5
101/08/29,101/08/29,52.7
101/08/30,101/08/30,52.55
101/08/31,101/08/31,52.75
101/09/03,101/09/03,53.15
101/09/04,101/09/04,53.05
101/09/05,101/09/05,52.35
101/09/06,101/09/06,52.15
101/09/07,101/09/07,52.95
101/09/10,101/09/10,53.35
101/09/11,101/09/11,53.3
101/09/12,101/09/12,54.05
101/09/13,101/09/13,54.15
101/09/14,101/09/14,55.5
101/09/17,101/09/17,55.6
101/09/18,101/09/18,55.4
101/09/19,101/09/19,55.65
101/09/20,101/09/20,55.25
101/09/21,101/09/21,55.45
101/09/24,101/09/24,55.5
101/09/25,101/09/25,55.3
101/09/26,101/09/26,54.9
101/09/27,101/09/27,55.1
101/09/28,101/09/28,55.15
101/10/01,101/10/01,55
101/10/02,101/10/02,55.25
101/10/03,101/10/03,55
101/10/04,101/10/04,55.05
101/10/05,101/10/05,55.1
101/10/08,101/10/08,54.65
101/10/09,101/10/09,54.4
101/10/11,101/10/11,53.3
101/10/12,101/10/12,53.15
101/10/15,101/10/15,53.25
101/10/16,101/10/16,53.5
101/10/17,101/10/17,53.4
101/10/18,101/10/18,53.65
101/10/19,101/10/19,53.25
101/10/22,101/10/22,52.9
101/10/23,101/10/23,52.9
101/10/24,101/10/24,51
101/10/25,101/10/25,50.5
101/10/26,101/10/26,49.91
101/10/29,101/10/29,50
101/10/30,101/10/30,50.45
101/10/31,101/10/31,50.4
101/11/01,101/11/01,50.35
101/11/02,101/11/02,50.7
101/11/05,101/11/05,50.5
101/11/06,101/11/06,50.9
101/11/07,101/11/07,51.15
101/11/08,101/11/08,50.75
101/11/09,101/11/09,51.1
101/11/12,101/11/12,50.9
101/11/13,101/11/13,50.05
101/11/14,101/11/14,50.15
101/11/15,101/11/15,50
101/11/16,101/11/16,49.94
101/11/19,101/11/19,50.25
101/11/20,101/11/20,50.35
101/11/21,101/11/21,49.97
101/11/22,101/11/22,50.2
101/11/23,101/11/23,51.7
101/11/26,101/11/26,52.2
101/11/27,101/11/27,52.4
101/11/28,101/11/28,52.45
101/11/29,101/11/29,53.1
101/11/30,101/11/30,53.55
101/12/03,101/12/03,53.5
101/12/04,101/12/04,53.45
101/12/05,101/12/05,53.75
101/12/06,101/12/06,53.6
101/12/07,101/12/07,53.9
101/12/10,101/12/10,53.7
101/12/11,101/12/11,53.65
101/12/12,101/12/12,54.1
101/12/13,101/12/13,54.7
101/12/14,101/12/14,54.2
101/12/17,101/12/17,53.5
101/12/18,101/12/18,53.55
101/12/19,101/12/19,53.7
101/12/20,101/12/20,53.05
101/12/21,101/12/21,52.8
101/12/22,101/12/22,52.95
101/12/24,101/12/24,52.7
101/12/25,101/12/25,53.6
101/12/26,101/12/26,53.5
101/12/27,101/12/27,53.45
101/12/28,101/12/28,53.8
102/01/02,102/01/02,54.4
102/01/03,102/01/03,54.85
102/01/04,102/01/04,54.5
102/01/07,102/01/07,54.25
102/01/08,102/01/08,53.9
102/01/09,102/01/09,54.1
102/01/10,102/01/10,54.5
102/01/11,102/01/11,54.45
102/01/14,102/01/14,54.5
102/01/15,102/01/15,54
102/01/16,102/01/16,53.7
102/01/17,102/01/17,53.3
102/01/18,102/01/18,53.95
102/01/21,102/01/21,53.9
102/01/22,102/01/22,54.05
102/01/23,102/01/23,54
102/01/24,102/01/24,53.7
102/01/25,102/01/25,53.5
102/01/28,102/01/28,53.75
102/01/29,102/01/29,54.5
102/01/30,102/01/30,54.6
102/01/31,102/01/31,54.6
102/02/01,102/02/01,54.8
102/02/04,102/02/04,55.2
102/02/05,102/02/05,55
102/02/06,102/02/06,55.4
102/02/18,102/02/18,55.6
102/02/19,102/02/19,55.65
102/02/20,102/02/20,56.1
102/02/21,102/02/21,55.7
102/02/22,102/02/22,55.5
102/02/23,102/02/23,55.8
102/02/25,102/02/25,55.7
102/02/26,102/02/26,55.1
102/02/27,102/02/27,55.2
102/03/01,102/03/01,55.4
102/03/04,102/03/04,54.75
102/03/05,102/03/05,55.2
102/03/06,102/03/06,55.45
102/03/07,102/03/07,55.4
102/03/08,102/03/08,55.8
102/03/11,102/03/11,55.9
102/03/12,102/03/12,55.55
102/03/13,102/03/13,55.65
102/03/14,102/03/14,55.6
102/03/15,102/03/15,55.2
102/03/18,102/03/18,54.5
102/03/19,102/03/19,54.6
102/03/20,102/03/20,54.25
102/03/21,102/03/21,54.3
102/03/22,102/03/22,54.15
102/03/25,102/03/25,54.55
102/03/26,102/03/26,54.55
102/03/27,102/03/27,54.7
102/03/28,102/03/28,54.55
102/03/29,102/03/29,55.1
102/04/01,102/04/01,55
102/04/02,102/04/02,54.85
102/04/03,102/04/03,55
102/04/08,102/04/08,53.85
102/04/09,102/04/09,53.7
102/04/10,102/04/10,53.8
102/04/11,102/04/11,54.35
102/04/12,102/04/12,54.35
102/04/15,102/04/15,53.9
102/04/16,102/04/16,54
102/04/17,102/04/17,53.9
102/04/18,102/04/18,53.85
102/04/19,102/04/19,55.45
102/04/22,102/04/22,55.4
102/04/23,102/04/23,55.1
102/04/24,102/04/24,55.55
102/04/25,102/04/25,55.65
102/04/26,102/04/26,55.85
102/04/29,102/04/29,55.8
102/04/30,102/04/30,56.4
102/05/02,102/05/02,56.55
102/05/03,102/05/03,56.65
102/05/06,102/05/06,56.9
102/05/07,102/05/07,57.1
102/05/08,102/05/08,57.85
102/05/09,102/05/09,58.2
102/05/10,102/05/10,57.9
102/05/13,102/05/13,57.75
102/05/14,102/05/14,57.9
102/05/15,102/05/15,57.95
102/05/16,102/05/16,58.7
102/05/17,102/05/17,58.4
102/05/20,102/05/20,58.3
102/05/21,102/05/21,58.3
102/05/22,102/05/22,58.25
102/05/23,102/05/23,57
102/05/24,102/05/24,56.85
102/05/27,102/05/27,57.35
102/05/28,102/05/28,57.15
102/05/29,102/05/29,57.65
102/05/30,102/05/30,56.95
102/05/31,102/05/31,56.95
102/06/03,102/06/03,56.7
102/06/04,102/06/04,56.6
102/06/05,102/06/05,56.6
102/06/06,102/06/06,55.9
102/06/07,102/06/07,56.05
102/06/10,102/06/10,56.5
102/06/11,102/06/11,56.35
102/06/13,102/06/13,55
102/06/14,102/06/14,54.8
102/06/17,102/06/17,55.15
102/06/18,102/06/18,55.4
102/06/19,102/06/19,55.3
102/06/20,102/06/20,54.25
102/06/21,102/06/21,53.6
102/06/24,102/06/24,53.4
102/06/25,102/06/25,53
102/06/26,102/06/26,53.7
102/06/27,102/06/27,54.35
102/06/28,102/06/28,55.1
102/07/01,102/07/01,55.6
102/07/02,102/07/02,55.5
102/07/03,102/07/03,54.85
102/07/04,102/07/04,54.95
102/07/05,102/07/05,56.05
102/07/08,102/07/08,55
102/07/09,102/07/09,55.65
102/07/10,102/07/10,55.8
102/07/11,102/07/11,57.2
102/07/12,102/07/12,57.35
102/07/15,102/07/15,57.5
102/07/16,102/07/16,57.5
102/07/17,102/07/17,57.6
102/07/18,102/07/18,57.2
102/07/19,102/07/19,55.95
102/07/22,102/07/22,56.15
102/07/23,102/07/23,57.05
102/07/24,102/07/24,56.9
102/07/25,102/07/25,57
102/07/26,102/07/26,56.9
102/07/29,102/07/29,56.5
102/07/30,102/07/30,56.95
102/07/31,102/07/31,56.6
102/08/01,102/08/01,56.2
102/08/02,102/08/02,56.55
102/08/05,102/08/05,56.7
102/08/06,102/08/06,55.9
102/08/07,102/08/07,55.1
102/08/08,102/08/08,54.9
102/08/09,102/08/09,54.85
102/08/12,102/08/12,55
102/08/13,102/08/13,55.55
102/08/14,102/08/14,55.4
102/08/15,102/08/15,55
102/08/16,102/08/16,55.25
102/08/19,102/08/19,55.1
102/08/20,102/08/20,54.6
102/08/22,102/08/22,54.15
102/08/23,102/08/23,54.85
102/08/26,102/08/26,55.1
102/08/27,102/08/27,54.6
102/08/28,102/08/28,54.75
102/08/29,102/08/29,55.5
102/08/30,102/08/30,55.85
102/09/02,102/09/02,56.3
102/09/03,102/09/03,56.65
102/09/04,102/09/04,56.55
102/09/05,102/09/05,56.9
102/09/06,102/09/06,57
102/09/09,102/09/09,57.2
102/09/10,102/09/10,57.35
102/09/11,102/09/11,57.5
102/09/12,102/09/12,57.55
102/09/13,102/09/13,57.1
102/09/14,102/09/14,57.1
102/09/16,102/09/16,57.8
102/09/17,102/09/17,57.75
102/09/18,102/09/18,57.55
102/09/23,102/09/23,58
102/09/24,102/09/24,58.05
102/09/25,102/09/25,57.8
102/09/26,102/09/26,57.25
102/09/27,102/09/27,57.4
102/09/30,102/09/30,57.15
102/10/01,102/10/01,57.15
102/10/02,102/10/02,57.35
102/10/03,102/10/03,58.55
102/10/04,102/10/04,58.45
102/10/07,102/10/07,57.9
102/10/08,102/10/08,58.35
102/10/09,102/10/09,58.2
102/10/11,102/10/11,58.45
102/10/14,102/10/14,58
102/10/15,102/10/15,58.5
102/10/16,102/10/16,58.25
102/10/17,102/10/17,58.55
102/10/18,102/10/18,59.05
102/10/21,102/10/21,59
102/10/22,102/10/22,59
102/10/23,102/10/23,58.7
102/10/24,102/10/24,57.55
102/10/25,102/10/25,57.1
102/10/28,102/10/28,57.5
102/10/29,102/10/29,57.75
102/10/30,102/10/30,57.9
102/10/31,102/10/31,57.9
102/11/01,102/11/01,57.6
102/11/04,102/11/04,57.35
102/11/05,102/11/05,56.8
102/11/06,102/11/06,56.8
102/11/07,102/11/07,56.65
102/11/08,102/11/08,56.45
102/11/11,102/11/11,56.3
102/11/12,102/11/12,56.5
102/11/13,102/11/13,55.75
102/11/14,102/11/14,55.9
102/11/15,102/11/15,56.15
102/11/18,102/11/18,56.45
102/11/19,102/11/19,56.8
102/11/20,102/11/20,56.45
102/11/21,102/11/21,55.45
102/11/22,102/11/22,55.5
102/11/25,102/11/25,56.25
102/11/26,102/11/26,56.7
102/11/27,102/11/27,57
102/11/28,102/11/28,57.35
102/11/29,102/11/29,57.55
102/12/02,102/12/02,57.45
102/12/03,102/12/03,57.5
102/12/04,102/12/04,57.45
102/12/05,102/12/05,57.1
102/12/06,102/12/06,57.15
102/12/09,102/12/09,57.65
102/12/10,102/12/10,57.8
102/12/11,102/12/11,57.85
102/12/12,102/12/12,57.4
102/12/13,102/12/13,57.35
102/12/16,102/12/16,56.9
102/12/17,102/12/17,57.2
102/12/18,102/12/18,57
102/12/19,102/12/19,57.35
102/12/20,102/12/20,57.45
102/12/23,102/12/23,57.85
102/12/24,102/12/24,57.8
102/12/25,102/12/25,57.85
102/12/26,102/12/26,57.85
102/12/27,102/12/27,58.3
102/12/30,102/12/30,58.8
102/12/31,102/12/31,58.7
103/01/02,103/01/02,58.55
103/01/03,103/01/03,57.85
103/01/06,103/01/06,57.7
103/01/07,103/01/07,57.7
103/01/08,103/01/08,57.8
103/01/09,103/01/09,57.55
103/01/10,103/01/10,57.55
103/01/13,103/01/13,57.9
103/01/14,103/01/14,57.8
103/01/15,103/01/15,58.4
103/01/16,103/01/16,58.55
103/01/17,103/01/17,58.65
103/01/20,103/01/20,58.8
103/01/21,103/01/21,58.55
103/01/22,103/01/22,58.65
103/01/23,103/01/23,58.5
103/01/24,103/01/24,58.65
103/01/27,103/01/27,57.6
103/02/05,103/02/05,55.8
103/02/06,103/02/06,56
103/02/07,103/02/07,56.6
103/02/10,103/02/10,56.6
103/02/11,103/02/11,56.95
103/02/12,103/02/12,57.55
103/02/13,103/02/13,57.4
103/02/14,103/02/14,57.95
103/02/17,103/02/17,57.95
103/02/18,103/02/18,58.15
103/02/19,103/02/19,58.15
103/02/20,103/02/20,57.65
103/02/21,103/02/21,58.2
103/02/24,103/02/24,57.9
103/02/25,103/02/25,58.15
103/02/26,103/02/26,58.4
103/02/27,103/02/27,58.3
103/03/03,103/03/03,57.95
103/03/04,103/03/04,57.7
103/03/05,103/03/05,58.3
103/03/06,103/03/06,59.15
103/03/07,103/03/07,59.4
103/03/10,103/03/10,59.05
103/03/11,103/03/11,59.35
103/03/12,103/03/12,58.8
103/03/13,103/03/13,59.75
103/03/14,103/03/14,59.15
103/03/17,103/03/17,59.05
103/03/18,103/03/18,59.4
103/03/19,103/03/19,59.25
103/03/20,103/03/20,58.5
103/03/21,103/03/21,58.5
103/03/24,103/03/24,58.65
103/03/25,103/03/25,59.15
103/03/26,103/03/26,59.7
103/03/27,103/03/27,59.8
103/03/28,103/03/28,59.9
103/03/31,103/03/31,60.1
103/04/01,103/04/01,60.6
103/04/02,103/04/02,60.8
103/04/03,103/04/03,60.65
103/04/07,103/04/07,60.5
103/04/08,103/04/08,60.8
103/04/09,103/04/09,61
103/04/10,103/04/10,61.2
103/04/11,103/04/11,61.15
103/04/14,103/04/14,61.05
103/04/15,103/04/15,61.35
103/04/16,103/04/16,61.3
103/04/17,103/04/17,61.15
103/04/18,103/04/18,61.55
103/04/21,103/04/21,61.55
103/04/22,103/04/22,61.75
103/04/23,103/04/23,61.65
103/04/24,103/04/24,61.75
103/04/25,103/04/25,60.7
103/04/28,103/04/28,61.25
103/04/29,103/04/29,61.35
103/04/30,103/04/30,61
103/05/02,103/05/02,61.3
103/05/05,103/05/05,61.2
103/05/06,103/05/06,61.55
103/05/07,103/05/07,61.4
103/05/08,103/05/08,61.85
103/05/09,103/05/09,61.45
103/05/12,103/05/12,61.15
103/05/13,103/05/13,61.45
103/05/14,103/05/14,61.8
103/05/15,103/05/15,61.75
103/05/16,103/05/16,61.85
103/05/19,103/05/19,61.85
103/05/20,103/05/20,62.1
103/05/21,103/05/21,61.8
103/05/22,103/05/22,62.65
103/05/23,103/05/23,62.75
103/05/26,103/05/26,63.05
103/05/27,103/05/27,63.1
103/05/28,103/05/28,63.7
103/05/29,103/05/29,63.4
103/05/30,103/05/30,63.1
103/06/03,103/06/03,63.15
103/06/04,103/06/04,63.4
103/06/05,103/06/05,63.4
103/06/06,103/06/06,63.55
103/06/09,103/06/09,63.8
103/06/10,103/06/10,64.2
103/06/11,103/06/11,64.15
103/06/12,103/06/12,64
103/06/13,103/06/13,63.85
103/06/16,103/06/16,63.9
103/06/17,103/06/17,64.35
103/06/18,103/06/18,64.5
103/06/19,103/06/19,64.95
103/06/20,103/06/20,64.75
103/06/23,103/06/23,64.7
103/06/24,103/06/24,64.8
103/06/25,103/06/25,64.65
103/06/26,103/06/26,65.35
103/06/27,103/06/27,65.35
103/06/30,103/06/30,65.95
103/07/01,103/07/01,66.55
103/07/02,103/07/02,67.1
103/07/03,103/07/03,67.7
103/07/04,103/07/04,67.7
103/07/07,103/07/07,67.6
103/07/08,103/07/08,67.75
103/07/09,103/07/09,67.85
103/07/10,103/07/10,68.35
103/07/11,103/07/11,68.3
103/07/14,103/07/14,68.7
103/07/15,103/07/15,68.95
103/07/16,103/07/16,68.35
103/07/17,103/07/17,67.5
103/07/18,103/07/18,67.5
103/07/21,103/07/21,67.5
103/07/22,103/07/22,68.1
103/07/24,103/07/24,68.4
103/07/25,103/07/25,67.65
103/07/28,103/07/28,67.5
103/07/29,103/07/29,67.45
103/07/30,103/07/30,67.85
103/07/31,103/07/31,66.75
103/08/01,103/08/01,66.25
103/08/04,103/08/04,66.6
103/08/05,103/08/05,65.25
103/08/06,103/08/06,65.7
103/08/07,103/08/07,65.7
103/08/08,103/08/08,65.7
103/08/11,103/08/11,66.05
103/08/12,103/08/12,66.1
103/08/13,103/08/13,66.75
103/08/14,103/08/14,67.1
103/08/15,103/08/15,67.1
103/08/18,103/08/18,66.9
103/08/19,103/08/19,67.75
103/08/20,103/08/20,68
103/08/21,103/08/21,67.9
103/08/22,103/08/22,68.75
103/08/25,103/08/25,68.65
103/08/26,103/08/26,68.6
103/08/27,103/08/27,69.25
103/08/28,103/08/28,69.35
103/08/29,103/08/29,69.2
103/09/01,103/09/01,69.8
103/09/02,103/09/02,68.75
103/09/03,103/09/03,69.25
103/09/04,103/09/04,69
103/09/05,103/09/05,69
103/09/09,103/09/09,69.25
103/09/10,103/09/10,68.65
103/09/11,103/09/11,68.4
103/09/12,103/09/12,67.75
103/09/15,103/09/15,67.75
103/09/16,103/09/16,67.2
103/09/17,103/09/17,67.7
103/09/18,103/09/18,67.85
103/09/19,103/09/19,68
103/09/22,103/09/22,66.95
103/09/23,103/09/23,66.8
103/09/24,103/09/24,66.55
103/09/25,103/09/25,65.95
103/09/26,103/09/26,65.6
103/09/29,103/09/29,65.4
103/09/30,103/09/30,65.3
103/10/01,103/10/01,65.5
103/10/02,103/10/02,65.5
103/10/03,103/10/03,66.7
103/10/06,103/10/06,66.65
103/10/07,103/10/07,66.1
103/10/08,103/10/08,65.7
103/10/09,103/10/09,66
103/10/13,103/10/13,64
103/10/14,103/10/14,64.55
103/10/15,103/10/15,64.1
103/10/16,103/10/16,64
103/10/17,103/10/17,63.35
103/10/20,103/10/20,64.6
103/10/21,103/10/21,64.3
103/10/22,103/10/22,65.3
103/10/23,103/10/23,65.05
103/10/24,103/10/24,63.05
103/10/27,103/10/27,63.25
103/10/28,103/10/28,64.35
103/10/29,103/10/29,65
103/10/30,103/10/30,64.8
103/10/31,103/10/31,65.3
103/11/03,103/11/03,65.6
103/11/04,103/11/04,65.65
103/11/05,103/11/05,65.5
103/11/06,103/11/06,65.1
103/11/07,103/11/07,65.2
103/11/10,103/11/10,66.15
103/11/11,103/11/11,65.95
103/11/12,103/11/12,65
103/11/13,103/11/13,65.65
103/11/14,103/11/14,65.7
103/11/17,103/11/17,65.1
103/11/18,103/11/18,64.9
103/11/19,103/11/19,65.85
103/11/20,103/11/20,66.6
103/11/21,103/11/21,66.65
103/11/24,103/11/24,66.8
103/11/25,103/11/25,66.85
103/11/26,103/11/26,66.85
103/11/27,103/11/27,67.5
103/11/28,103/11/28,67.5
103/12/01,103/12/01,66.8
103/12/02,103/12/02,65.8
103/12/03,103/12/03,66.85
103/12/04,103/12/04,67.1
103/12/05,103/12/05,66.85
103/12/08,103/12/08,66.35
103/12/09,103/12/09,66.2
103/12/10,103/12/10,65.3
103/12/11,103/12/11,65.25
103/12/12,103/12/12,65.3
103/12/15,103/12/15,65.1
103/12/16,103/12/16,64.55
103/12/17,103/12/17,63.55
103/12/18,103/12/18,63.7
103/12/19,103/12/19,65.2
103/12/22,103/12/22,66
103/12/23,103/12/23,65.8
103/12/24,103/12/24,66.3
103/12/25,103/12/25,66.3
103/12/26,103/12/26,66.45
103/12/27,103/12/27,66.6
103/12/29,103/12/29,67.2
103/12/30,103/12/30,66.85
103/12/31,103/12/31,66.85
104/01/05,104/01/05,66.55
104/01/06,104/01/06,64.9
104/01/07,104/01/07,65
104/01/08,104/01/08,66.5
104/01/09,104/01/09,66.15
104/01/12,104/01/12,65.75
104/01/13,104/01/13,65.95
104/01/14,104/01/14,65.6
104/01/15,104/01/15,65.8
104/01/16,104/01/16,65.5
104/01/19,104/01/19,66.25
104/01/20,104/01/20,66.75
104/01/21,104/01/21,67.25
104/01/22,104/01/22,67.6
104/01/23,104/01/23,68.7
104/01/26,104/01/26,68.7
104/01/27,104/01/27,69.15
104/01/28,104/01/28,69.15
104/01/29,104/01/29,68.3
104/01/30,104/01/30,68
104/02/02,104/02/02,68.15
104/02/03,104/02/03,68.65
104/02/04,104/02/04,69.4
104/02/05,104/02/05,69.1
104/02/06,104/02/06,68.75
104/02/09,104/02/09,68.5
104/02/10,104/02/10,68.25
104/02/11,104/02/11,69
104/02/12,104/02/12,69
104/02/13,104/02/13,69.45
104/02/24,104/02/24,70.25
104/02/25,104/02/25,70.8
104/02/26,104/02/26,70.3
104/03/02,104/03/02,70
104/03/03,104/03/03,69.9
104/03/04,104/03/04,69.95
104/03/05,104/03/05,69.7
104/03/06,104/03/06,69.8
104/03/09,104/03/09,69.1
104/03/10,104/03/10,68.95
104/03/11,104/03/11,69.05
104/03/12,104/03/12,69.65
104/03/13,104/03/13,69.45
104/03/16,104/03/16,68.9
104/03/17,104/03/17,69.15
104/03/18,104/03/18,69.9
104/03/19,104/03/19,70.65
104/03/20,104/03/20,70.55
104/03/23,104/03/23,70.75
104/03/24,104/03/24,70.5
104/03/25,104/03/25,70.25
104/03/26,104/03/26,69.4
104/03/27,104/03/27,68.75
104/03/30,104/03/30,68.8
104/03/31,104/03/31,69.05
104/04/01,104/04/01,68.65
104/04/02,104/04/02,69.5
104/04/07,104/04/07,69.6
104/04/08,104/04/08,69
104/04/09,104/04/09,69.1
104/04/10,104/04/10,69.65
104/04/13,104/04/13,69.85
104/04/14,104/04/14,69.5
104/04/15,104/04/15,68.65
104/04/16,104/04/16,69.7
104/04/17,104/04/17,69.05
104/04/20,104/04/20,68.95
104/04/21,104/04/21,68.95
104/04/22,104/04/22,69.65
104/04/23,104/04/23,71.5
104/04/24,104/04/24,72.2
104/04/27,104/04/27,72.75
104/04/28,104/04/28,72.6
104/04/29,104/04/29,71.8
104/04/30,104/04/30,71.45
104/05/04,104/05/04,71.6
104/05/05,104/05/05,71.2
104/05/06,104/05/06,71.3
104/05/07,104/05/07,70.45
104/05/08,104/05/08,70.5
104/05/11,104/05/11,70.85
104/05/12,104/05/12,70.7
104/05/13,104/05/13,71.1
104/05/14,104/05/14,70.1
104/05/15,104/05/15,70
104/05/18,104/05/18,70.25
104/05/19,104/05/19,71.3
104/05/20,104/05/20,70.8
104/05/21,104/05/21,70.15
104/05/22,104/05/22,70.7
104/05/25,104/05/25,70.7
104/05/26,104/05/26,71
104/05/27,104/05/27,71.15
104/05/28,104/05/28,71.5
104/05/29,104/05/29,71.1
104/06/01,104/06/01,70.5
104/06/02,104/06/02,70.4
104/06/03,104/06/03,69.95
104/06/04,104/06/04,68.6
104/06/05,104/06/05,68.45
104/06/08,104/06/08,68.9
104/06/09,104/06/09,68.35
104/06/10,104/06/10,68.65
104/06/11,104/06/11,68.85
104/06/12,104/06/12,68.8
104/06/15,104/06/15,68.65
104/06/16,104/06/16,68.2
104/06/17,104/06/17,68.5
104/06/18,104/06/18,68.4
104/06/22,104/06/22,69.35
104/06/23,104/06/23,69.55
104/06/24,104/06/24,69.65
104/06/25,104/06/25,70.45
104/06/26,104/06/26,70.45
104/06/29,104/06/29,68.8
104/06/30,104/06/30,69.4
104/07/01,104/07/01,70.05
104/07/02,104/07/02,70.1
104/07/03,104/07/03,70.1
104/07/06,104/07/06,69.3
104/07/07,104/07/07,69.6
104/07/08,104/07/08,67.5
104/07/09,104/07/09,67.1
104/07/13,104/07/13,68.1
104/07/14,104/07/14,68.1
104/07/15,104/07/15,68.25
104/07/16,104/07/16,68.6
104/07/17,104/07/17,68.5
104/07/20,104/07/20,68
104/07/21,104/07/21,68.65
104/07/22,104/07/22,67.8
104/07/23,104/07/23,67.15
104/07/24,104/07/24,66.75
104/07/27,104/07/27,65.8
104/07/28,104/07/28,65.85
104/07/29,104/07/29,65.4
104/07/30,104/07/30,66.5
104/07/31,104/07/31,66.15
104/08/03,104/08/03,65.25
104/08/04,104/08/04,65.3
104/08/05,104/08/05,65.7
104/08/06,104/08/06,65
104/08/07,104/08/07,64.7
104/08/10,104/08/10,64.55
104/08/11,104/08/11,64.55
104/08/12,104/08/12,63.45
104/08/13,104/08/13,63.55
104/08/14,104/08/14,63.3
104/08/17,104/08/17,62.9
104/08/18,104/08/18,62.55
104/08/19,104/08/19,61.6
104/08/20,104/08/20,61.4
104/08/21,104/08/21,59.8
104/08/24,104/08/24,57.5
104/08/25,104/08/25,60
104/08/26,104/08/26,60.35
104/08/27,104/08/27,60.15
104/08/28,104/08/28,61.8
104/08/31,104/08/31,62.3
104/09/01,104/09/01,61.75
104/09/02,104/09/02,62.1
104/09/03,104/09/03,62.15
104/09/04,104/09/04,61.35
104/09/07,104/09/07,61.25
104/09/08,104/09/08,61.45
104/09/09,104/09/09,64.15
104/09/10,104/09/10,63.45
104/09/11,104/09/11,63.5
104/09/14,104/09/14,63.65
104/09/15,104/09/15,63.15
104/09/16,104/09/16,63.9
104/09/17,104/09/17,65
104/09/18,104/09/18,64.85
104/09/21,104/09/21,63.45
104/09/22,104/09/22,63.8
104/09/23,104/09/23,62.35
104/09/24,104/09/24,62
104/09/25,104/09/25,62.25
104/09/30,104/09/30,62.4
104/10/01,104/10/01,63.6
104/10/02,104/10/02,63.25
104/10/05,104/10/05,63.4
104/10/06,104/10/06,63.9
104/10/07,104/10/07,64.85
104/10/08,104/10/08,64.7
104/10/12,104/10/12,65.55
104/10/13,104/10/13,65.3
104/10/14,104/10/14,65.05
104/10/15,104/10/15,66
104/10/16,104/10/16,65.75
104/10/19,104/10/19,65.95
104/10/20,104/10/20,65.95
104/10/21,104/10/21,65.5
104/10/22,104/10/22,65.5
104/10/23,104/10/23,65.9
104/10/26,104/10/26,64.55
104/10/27,104/10/27,64.2
104/10/28,104/10/28,63.75
104/10/29,104/10/29,63.3
104/10/30,104/10/30,63.2
104/11/02,104/11/02,63.3
104/11/03,104/11/03,64.3
104/11/04,104/11/04,65.55
104/11/05,104/11/05,65.4
104/11/06,104/11/06,64.1
104/11/09,104/11/09,63.65
104/11/10,104/11/10,62.9
104/11/11,104/11/11,62.15
104/11/12,104/11/12,62.25
104/11/13,104/11/13,61.6
104/11/16,104/11/16,61.15
104/11/17,104/11/17,62.35
104/11/18,104/11/18,61.4
104/11/19,104/11/19,62.3
104/11/20,104/11/20,62.3
104/11/23,104/11/23,62.6
104/11/24,104/11/24,61.95
104/11/25,104/11/25,61.95
104/11/26,104/11/26,62.8
104/11/27,104/11/27,61.95
104/11/30,104/11/30,61.2
104/12/01,104/12/01,62.4
104/12/02,104/12/02,62.3
104/12/03,104/12/03,62.4
104/12/04,104/12/04,61.75
104/12/07,104/12/07,62.5
104/12/08,104/12/08,61.5
104/12/09,104/12/09,60.75
104/12/10,104/12/10,60.55
104/12/11,104/12/11,59.85
104/12/14,104/12/14,59.4
104/12/15,104/12/15,59.45
104/12/16,104/12/16,60.35
104/12/17,104/12/17,61.05
104/12/18,104/12/18,60.75
104/12/21,104/12/21,60.65
104/12/22,104/12/22,60.8
104/12/23,104/12/23,60.9
104/12/24,104/12/24,61.2
104/12/25,104/12/25,61.6
104/12/28,104/12/28,61.45
104/12/29,104/12/29,61
104/12/30,104/12/30,60.55
104/12/31,104/12/31,60.75
105/01/04,105/01/04,59.55
105/01/05,105/01/05,59.05
105/01/06,105/01/06,58.45
105/01/07,105/01/07,57.35
105/01/08,105/01/08,57.45
105/01/11,105/01/11,56.55
105/01/12,105/01/12,56.5
105/01/13,105/01/13,57.15
105/01/14,105/01/14,56.7
105/01/15,105/01/15,56.7
105/01/18,105/01/18,57.1
105/01/19,105/01/19,57.25
105/01/20,105/01/20,55.9
105/01/21,105/01/21,55.8
105/01/22,105/01/22,56.55
105/01/25,105/01/25,57.55
105/01/26,105/01/26,57
105/01/27,105/01/27,57.25
105/01/28,105/01/28,57.55
105/01/29,105/01/29,59
105/01/30,105/01/30,59.55
105/02/01,105/02/01,59.55
105/02/02,105/02/02,59.35
105/02/03,105/02/03,58.95
105/02/15,105/02/15,59
105/02/16,105/02/16,60.25
105/02/17,105/02/17,59.95
105/02/18,105/02/18,60.9
105/02/19,105/02/19,60.85
105/02/22,105/02/22,60.8
105/02/23,105/02/23,60.85
105/02/24,105/02/24,60.3
105/02/25,105/02/25,61.1
105/02/26,105/02/26,61.25
105/03/01,105/03/01,61.85
105/03/02,105/03/02,62.35
105/03/03,105/03/03,62.95
105/03/04,105/03/04,63.1
105/03/07,105/03/07,63.1
105/03/08,105/03/08,63.05
105/03/09,105/03/09,63.1
105/03/10,105/03/10,63.25
105/03/11,105/03/11,63.55
105/03/14,105/03/14,64
105/03/15,105/03/15,63.05
105/03/16,105/03/16,63.6
105/03/17,105/03/17,64.3
105/03/18,105/03/18,64.7
105/03/21,105/03/21,64.6
105/03/22,105/03/22,64.4
105/03/23,105/03/23,64.35
105/03/24,105/03/24,64.35
105/03/25,105/03/25,64.05
105/03/28,105/03/28,64.1
105/03/29,105/03/29,63.65
105/03/30,105/03/30,64.7
105/03/31,105/03/31,64.65
105/04/01,105/04/01,63.9
105/04/06,105/04/06,62.4
105/04/07,105/04/07,62.15
105/04/08,105/04/08,62.75
105/04/11,105/04/11,63
105/04/12,105/04/12,62.95
105/04/13,105/04/13,64.05
105/04/14,105/04/14,64.25
105/04/15,105/04/15,64.25
105/04/18,105/04/18,63.85
105/04/19,105/04/19,63.6
105/04/20,105/04/20,62.65
105/04/21,105/04/21,62.95
105/04/22,105/04/22,63.2
105/04/25,105/04/25,63.25
105/04/26,105/04/26,63.5
105/04/27,105/04/27,63.4
105/04/28,105/04/28,62.4
105/04/29,105/04/29,61.6
105/05/03,105/05/03,60.75
105/05/04,105/05/04,60.1
105/05/05,105/05/05,60.2
105/05/06,105/05/06,59.7
105/05/09,105/05/09,59.7
105/05/10,105/05/10,60
105/05/11,105/05/11,59.85
105/05/12,105/05/12,59.8
105/05/13,105/05/13,59.15
105/05/16,105/05/16,59.6
105/05/17,105/05/17,60.05
105/05/18,105/05/18,59.95
105/05/19,105/05/19,59.65
105/05/20,105/05/20,60
105/05/23,105/05/23,62
105/05/24,105/05/24,61.35
105/05/25,105/05/25,62
105/05/26,105/05/26,62.15
105/05/27,105/05/27,62.6
105/05/30,105/05/30,63.15
105/05/31,105/05/31,63.15
105/06/01,105/06/01,63.7
105/06/02,105/06/02,63.7
105/06/03,105/06/03,63.85
105/06/04,105/06/04,63.95
105/06/06,105/06/06,64.05
105/06/07,105/06/07,64.9
105/06/08,105/06/08,65.25
105/06/13,105/06/13,63.75
105/06/14,105/06/14,64.15
105/06/15,105/06/15,64.25
105/06/16,105/06/16,63.35
105/06/17,105/06/17,64.05
105/06/20,105/06/20,64.5
105/06/21,105/06/21,64.75
105/06/22,105/06/22,64.95
105/06/23,105/06/23,64.8
105/06/24,105/06/24,63.1
105/06/27,105/06/27,63.75
105/06/28,105/06/28,64
105/06/29,105/06/29,64.7
105/06/30,105/06/30,65.45
105/07/01,105/07/01,66.25
105/07/04,105/07/04,66.3
105/07/05,105/07/05,66.1
105/07/06,105/07/06,64.9
105/07/07,105/07/07,65.7
105/07/11,105/07/11,67
105/07/12,105/07/12,67.6
105/07/13,105/07/13,67.65
105/07/14,105/07/14,67.7
105/07/15,105/07/15,68.5
105/07/18,105/07/18,69.15
105/07/19,105/07/19,69.25
105/07/20,105/07/20,69.2
105/07/21,105/07/21,69.55
105/07/22,105/07/22,69.3
105/07/25,105/07/25,69
105/07/26,105/07/26,69.4
105/07/27,105/07/27,69.7
105/07/28,105/07/28,69.05
105/07/29,105/07/29,68.55
105/08/01,105/08/01,69.3
105/08/02,105/08/02,69.3
105/08/03,105/08/03,68.75
105/08/04,105/08/04,68.9
105/08/05,105/08/05,69.6
105/08/08,105/08/08,70.05
105/08/09,105/08/09,70.4
105/08/10,105/08/10,70.6
105/08/11,105/08/11,69.95
105/08/12,105/08/12,70.2
105/08/15,105/08/15,70.35
105/08/16,105/08/16,69.95
105/08/17,105/08/17,70.05
105/08/18,105/08/18,69.9
105/08/19,105/08/19,69.2
105/08/22,105/08/22,68.7
105/08/23,105/08/23,69.4
105/08/24,105/08/24,69.2
105/08/25,105/08/25,70
105/08/26,105/08/26,70.1
105/08/29,105/08/29,70.05
105/08/30,105/08/30,70
105/08/31,105/08/31,69.4
105/09/01,105/09/01,69.05
105/09/02,105/09/02,69.15
105/09/05,105/09/05,70.3
105/09/06,105/09/06,70.85
105/09/07,105/09/07,71.85
105/09/08,105/09/08,71.6
105/09/09,105/09/09,70.4
105/09/10,105/09/10,69.4
105/09/12,105/09/12,68.85
105/09/13,105/09/13,68.85
105/09/14,105/09/14,68.45
105/09/19,105/09/19,71
105/09/20,105/09/20,70.9
105/09/21,105/09/21,71.25
105/09/22,105/09/22,71.4
105/09/23,105/09/23,71.9
105/09/26,105/09/26,71
105/09/29,105/09/29,71.9
105/09/30,105/09/30,70.95
105/10/03,105/10/03,71.45
105/10/04,105/10/04,71.75
105/10/05,105/10/05,71.5
105/10/06,105/10/06,71.7
105/10/07,105/10/07,71.65
105/10/11,105/10/11,71.45
105/10/12,105/10/12,72.25
105/10/13,105/10/13,71.7
105/10/14,105/10/14,71.45
105/10/17,105/10/17,71.45
105/10/18,105/10/18,71.95
105/10/19,105/10/19,72.35
105/10/20,105/10/20,72.65
105/10/21,105/10/21,72.6
105/10/24,105/10/24,72.7
105/10/25,105/10/25,73.4
105/10/26,105/10/26,73
105/10/27,105/10/27,72.6
105/10/28,105/10/28,72.6
105/10/31,105/10/31,72.6
105/11/01,105/11/01,72.6
105/11/02,105/11/02,71.75
105/11/03,105/11/03,71.2
105/11/04,105/11/04,71
105/11/07,105/11/07,72
105/11/08,105/11/08,72.35
105/11/09,105/11/09,70
105/11/10,105/11/10,72
105/11/11,105/11/11,70.05
105/11/14,105/11/14,70.1
105/11/15,105/11/15,69.9
105/11/16,105/11/16,70
105/11/17,105/11/17,70.2
105/11/18,105/11/18,70.4
105/11/21,105/11/21,70.5
105/11/22,105/11/22,71.45
105/11/23,105/11/23,71.8
105/11/24,105/11/24,71.4
105/11/25,105/11/25,71.35
105/11/28,105/11/28,71.75
105/11/29,105/11/29,71.65
105/11/30,105/11/30,71.7
105/12/01,105/12/01,72
105/12/02,105/12/02,71.2
105/12/05,105/12/05,71.1
105/12/06,105/12/06,72
105/12/07,105/12/07,72
105/12/08,105/12/08,72.9
105/12/09,105/12/09,73.15
105/12/12,105/12/12,72.85
105/12/13,105/12/13,72.95
105/12/14,105/12/14,73.1
105/12/15,105/12/15,73
105/12/16,105/12/16,72.3
105/12/19,105/12/19,71.85
105/12/20,105/12/20,71.75
105/12/21,105/12/21,71.7
105/12/22,105/12/22,70.8
105/12/23,105/12/23,70.55
105/12/26,105/12/26,70.8
105/12/27,105/12/27,70.75
105/12/28,105/12/28,71.6
105/12/29,105/12/29,71.25
105/12/30,105/12/30,71.8
106/01/03,106/01/03,71.9
106/01/04,106/01/04,71.85
106/01/05,106/01/05,72.5
106/01/06,106/01/06,72.65
106/01/09,106/01/09,72.45
106/01/10,106/01/10,72.4
106/01/11,106/01/11,72.4
106/01/12,106/01/12,73.15
106/01/13,106/01/13,72.6
106/01/16,106/01/16,72
106/01/17,106/01/17,72.3
106/01/18,106/01/18,72.15
106/01/19,106/01/19,71.95
106/01/20,106/01/20,72.15
106/01/23,106/01/23,72.75
106/01/24,106/01/24,73.3
106/02/02,106/02/02,72.9
106/02/03,106/02/03,72.85
106/02/06,106/02/06,73.25
106/02/07,106/02/07,73.3
106/02/08,106/02/08,71.75
106/02/09,106/02/09,72
106/02/10,106/02/10,72.8
106/02/13,106/02/13,72.95
106/02/14,106/02/14,73.2
106/02/15,106/02/15,73.9
106/02/16,106/02/16,73.45
106/02/17,106/02/17,73.35
106/02/18,106/02/18,73.5
106/02/20,106/02/20,73.1
106/02/21,106/02/21,73.25
106/02/22,106/02/22,73.3
106/02/23,106/02/23,73.1
106/02/24,106/02/24,73.15
106/03/01,106/03/01,72.35
106/03/02,106/03/02,72.55
106/03/03,106/03/03,72.1
106/03/06,106/03/06,72.15
106/03/07,106/03/07,72.45
106/03/08,106/03/08,72.85
106/03/09,106/03/09,72.05
106/03/10,106/03/10,72
106/03/13,106/03/13,72.5
106/03/14,106/03/14,73
106/03/15,106/03/15,72.85
106/03/16,106/03/16,73.8
106/03/17,106/03/17,74
106/03/20,106/03/20,73.95
106/03/21,106/03/21,74.9
106/03/22,106/03/22,74.2
106/03/23,106/03/23,74.35
106/03/24,106/03/24,74.25
106/03/27,106/03/27,74.2
106/03/28,106/03/28,74.25
106/03/29,106/03/29,74
106/03/30,106/03/30,73.9
106/03/31,106/03/31,73.7
106/04/05,106/04/05,74.65
106/04/06,106/04/06,74.4
106/04/07,106/04/07,74.1
106/04/10,106/04/10,74.2
106/04/11,106/04/11,73.9
106/04/12,106/04/12,74.05
106/04/13,106/04/13,74.4
106/04/14,106/04/14,73.55
106/04/17,106/04/17,73.6
106/04/18,106/04/18,73.6
106/04/19,106/04/19,72.8
106/04/20,106/04/20,72.8
106/04/21,106/04/21,73.5
106/04/24,106/04/24,73.65
106/04/25,106/04/25,74.35
106/04/26,106/04/26,74.55
106/04/27,106/04/27,74.5
106/04/28,106/04/28,74.55
106/05/02,106/05/02,75.2
106/05/03,106/05/03,75.55
106/05/04,106/05/04,75.65
106/05/05,106/05/05,75.15
106/05/08,106/05/08,75.7
106/05/09,106/05/09,75.95
106/05/10,106/05/10,76.25
106/05/11,106/05/11,76.5
106/05/12,106/05/12,76.3
106/05/15,106/05/15,76.5
106/05/16,106/05/16,76.5
106/05/17,106/05/17,76.3
106/05/18,106/05/18,75.9
106/05/19,106/05/19,75.85
106/05/22,106/05/22,76.05
106/05/23,106/05/23,76.35
106/05/24,106/05/24,76.3
106/05/25,106/05/25,77
106/05/26,106/05/26,76.95
106/05/31,106/05/31,76.5
106/06/01,106/06/01,76.9
106/06/02,106/06/02,77.2
106/06/03,106/06/03,77.4
106/06/05,106/06/05,78
106/06/06,106/06/06,77.95
106/06/07,106/06/07,77.95
106/06/08,106/06/08,78.25
106/06/09,106/06/09,78
106/06/12,106/06/12,77.15
106/06/13,106/06/13,77.25
106/06/14,106/06/14,76.85
106/06/15,106/06/15,76.9
106/06/16,106/06/16,77.7
106/06/19,106/06/19,78.55
106/06/20,106/06/20,79.45
106/06/21,106/06/21,79.55
106/06/22,106/06/22,79.75
106/06/23,106/06/23,79.7
106/06/26,106/06/26,81.4
106/06/27,106/06/27,81.3
106/06/28,106/06/28,80.55
106/06/29,106/06/29,80.65
106/06/30,106/06/30,80.4
106/07/03,106/07/03,80.45
106/07/04,106/07/04,80
106/07/05,106/07/05,80.75
106/07/06,106/07/06,80.4
106/07/07,106/07/07,79.95
106/07/10,106/07/10,80.35
106/07/11,106/07/11,81.55
106/07/12,106/07/12,81.55
106/07/13,106/07/13,82.2
106/07/14,106/07/14,82.05
106/07/17,106/07/17,82.2
106/07/18,106/07/18,82.4
106/07/19,106/07/19,82.7
106/07/20,106/07/20,82.65
106/07/21,106/07/21,82.1
106/07/24,106/07/24,82.3
106/07/25,106/07/25,82.45
106/07/26,106/07/26,82.15
106/07/27,106/07/27,83
106/07/28,106/07/28,82.1
106/07/31,106/07/31,81.35
106/08/01,106/08/01,81.8
106/08/02,106/08/02,82.5
106/08/03,106/08/03,82.2
106/08/04,106/08/04,82.35
106/08/07,106/08/07,82.95
106/08/08,106/08/08,82.9
106/08/09,106/08/09,82.15
106/08/10,106/08/10,81.6
106/08/11,106/08/11,81.25
106/08/14,106/08/14,80.75
106/08/15,106/08/15,81.3
106/08/16,106/08/16,81
106/08/17,106/08/17,81.65
106/08/18,106/08/18,81.15
106/08/21,106/08/21,81.05
106/08/22,106/08/22,81.85
106/08/23,106/08/23,81.75
106/08/24,106/08/24,82.55
106/08/25,106/08/25,82.7
106/08/28,106/08/28,82.55
106/08/29,106/08/29,82.3
106/08/30,106/08/30,82.7
106/08/31,106/08/31,82.95
106/09/01,106/09/01,83
106/09/04,106/09/04,82.85
106/09/05,106/09/05,82.95
106/09/06,106/09/06,82.6
106/09/07,106/09/07,82.25
106/09/08,106/09/08,82.7
106/09/11,106/09/11,82.55
106/09/12,106/09/12,82.85
106/09/13,106/09/13,82.3
106/09/14,106/09/14,82.35
106/09/15,106/09/15,82.35
106/09/18,106/09/18,83.15
106/09/19,106/09/19,82.75
106/09/20,106/09/20,82.2
106/09/21,106/09/21,82.7
106/09/22,106/09/22,81.6
106/09/25,106/09/25,80.95
106/09/26,106/09/26,80.3
106/09/27,106/09/27,80.7
106/09/28,106/09/28,80.4
106/09/29,106/09/29,80.65
106/09/30,106/09/30,81.2
106/10/02,106/10/02,81.5
106/10/03,106/10/03,81.5
106/10/05,106/10/05,81.85
106/10/06,106/10/06,82.1
106/10/11,106/10/11,83.4
106/10/12,106/10/12,84.2
106/10/13,106/10/13,84.05
106/10/16,106/10/16,84.5
106/10/17,106/10/17,84.3
106/10/18,106/10/18,84.6
106/10/19,106/10/19,84.9
106/10/20,106/10/20,84.55
106/10/23,106/10/23,84.5
106/10/24,106/10/24,84.4
106/10/25,106/10/25,84.35
106/10/26,106/10/26,84.25
106/10/27,106/10/27,84.3
106/10/30,106/10/30,84.95
106/10/31,106/10/31,85.2
106/11/01,106/11/01,85.1
106/11/02,106/11/02,84.8
106/11/03,106/11/03,84.7
106/11/06,106/11/06,84.85
106/11/07,106/11/07,85.3
106/11/08,106/11/08,84.95
106/11/09,106/11/09,84.4
106/11/10,106/11/10,84.55
106/11/13,106/11/13,84.3
106/11/14,106/11/14,84.15
106/11/15,106/11/15,83.3
106/11/16,106/11/16,83.6
106/11/17,106/11/17,84.35
106/11/20,106/11/20,84
106/11/21,106/11/21,84.75
106/11/22,106/11/22,85.15
106/11/23,106/11/23,85.2
106/11/24,106/11/24,85.15
106/11/27,106/11/27,84.15
106/11/28,106/11/28,83.6
106/11/29,106/11/29,83.7
106/11/30,106/11/30,82.25
106/12/01,106/12/01,82.6
106/12/04,106/12/04,82.9
106/12/05,106/12/05,82.25
106/12/06,106/12/06,80.85
106/12/07,106/12/07,80.9
106/12/08,106/12/08,80.9
106/12/11,106/12/11,81.5
106/12/12,106/12/12,80.95
106/12/13,106/12/13,81
106/12/14,106/12/14,81.75
106/12/15,106/12/15,81.1
106/12/18,106/12/18,81.2
106/12/19,106/12/19,80.8
106/12/20,106/12/20,81.05
106/12/21,106/12/21,81
106/12/22,106/12/22,81.3
106/12/25,106/12/25,81.45
106/12/26,106/12/26,80.65
106/12/27,106/12/27,80.9
106/12/28,106/12/28,81.7
106/12/29,106/12/29,82.15
107/01/02,107/01/02,82.6
107/01/03,107/01/03,83.35
107/01/04,107/01/04,83.5
107/01/05,107/01/05,83.75
107/01/08,107/01/08,84.1
107/01/09,107/01/09,84.15
107/01/10,107/01/10,83.75
107/01/11,107/01/11,83.4
107/01/12,107/01/12,84.1
107/01/15,107/01/15,84.65
107/01/16,107/01/16,85
107/01/17,107/01/17,85.15
107/01/18,107/01/18,86.3
107/01/19,107/01/19,87.15
107/01/22,107/01/22,87.95
107/01/23,107/01/23,88.3
107/01/24,107/01/24,87.2
107/01/25,107/01/25,87.45
107/01/26,107/01/26,87.5
107/01/29,107/01/29,85.55
107/01/30,107/01/30,84.55
107/01/31,107/01/31,84.65
107/02/01,107/02/01,85.25
107/02/02,107/02/02,84.9
107/02/05,107/02/05,83.6
107/02/06,107/02/06,79.65
107/02/07,107/02/07,80.65
107/02/08,107/02/08,80.6
107/02/09,107/02/09,79.05
107/02/12,107/02/12,79.7
107/02/21,107/02/21,81.5
107/02/22,107/02/22,81
107/02/23,107/02/23,82
107/02/26,107/02/26,82.4
107/02/27,107/02/27,82.35
107/03/01,107/03/01,81.75
107/03/02,107/03/02,81.15
107/03/05,107/03/05,80.75
107/03/06,107/03/06,82.15
107/03/07,107/03/07,81.8
107/03/08,107/03/08,82.75
107/03/09,107/03/09,82.85
107/03/12,107/03/12,84.15
107/03/13,107/03/13,84.95
107/03/14,107/03/14,84.3
107/03/15,107/03/15,84.25
107/03/16,107/03/16,83.9
107/03/19,107/03/19,83.85
107/03/20,107/03/20,83.8
107/03/21,107/03/21,83.85
107/03/22,107/03/22,83.55
107/03/23,107/03/23,82.1
107/03/26,107/03/26,82.2
107/03/27,107/03/27,83.4
107/03/28,107/03/28,82.25
107/03/29,107/03/29,82.1
107/03/30,107/03/30,82.85
107/03/31,107/03/31,82.95
107/04/02,107/04/02,82.25
107/04/03,107/04/03,81.5
107/04/09,107/04/09,82.2
107/04/10,107/04/10,82.5
107/04/11,107/04/11,82.85
107/04/12,107/04/12,82.5
107/04/13,107/04/13,82.5
107/04/16,107/04/16,82.3
107/04/17,107/04/17,81.4
107/04/18,107/04/18,81.6
107/04/19,107/04/19,82.65
107/04/20,107/04/20,80.75
107/04/23,107/04/23,79.95
107/04/24,107/04/24,79.55
107/04/25,107/04/25,79.3
107/04/26,107/04/26,79.05
107/04/27,107/04/27,79.2
107/04/30,107/04/30,80
107/05/02,107/05/02,79.4
107/05/03,107/05/03,78.55
107/05/04,107/05/04,78.95
107/05/07,107/05/07,79.5
107/05/08,107/05/08,80
107/05/09,107/05/09,80.45
107/05/10,107/05/10,80.65
107/05/11,107/05/11,81.6
107/05/14,107/05/14,82.5
107/05/15,107/05/15,81.65
107/05/16,107/05/16,81.75
107/05/17,107/05/17,81.2
107/05/18,107/05/18,80.95
107/05/21,107/05/21,82.05
107/05/22,107/05/22,81.75
107/05/23,107/05/23,81.35
107/05/24,107/05/24,81.55
107/05/25,107/05/25,81.85
107/05/28,107/05/28,82.2
107/05/29,107/05/29,81.85
107/05/30,107/05/30,80.4
107/05/31,107/05/31,80.75
107/06/01,107/06/01,81.35
107/06/04,107/06/04,82.6
107/06/05,107/06/05,82.5
107/06/06,107/06/06,83.3
107/06/07,107/06/07,83.45
107/06/08,107/06/08,82.55
107/06/11,107/06/11,82.65
107/06/12,107/06/12,82.5
107/06/13,107/06/13,83
107/06/14,107/06/14,81.75
107/06/15,107/06/15,81.95
107/06/19,107/06/19,80.6
107/06/20,107/06/20,81.5
107/06/21,107/06/21,81.25
107/06/22,107/06/22,81.15
107/06/25,107/06/25,80.9
107/06/26,107/06/26,80.7
107/06/27,107/06/27,80.4
107/06/28,107/06/28,80.05
107/06/29,107/06/29,81.45
107/07/02,107/07/02,81.05
107/07/03,107/07/03,81.15
107/07/04,107/07/04,81.4
107/07/05,107/07/05,80.75
107/07/06,107/07/06,80.95
107/07/09,107/07/09,82.25
107/07/10,107/07/10,82.45
107/07/11,107/07/11,81.7
107/07/12,107/07/12,82.65
107/07/13,107/07/13,83.35
107/07/16,107/07/16,83
107/07/17,107/07/17,82.55
107/07/18,107/07/18,83.05
107/07/19,107/07/19,83.3
107/07/20,107/07/20,84.65
107/07/23,107/07/23,84.55
107/07/24,107/07/24,84.7
107/07/25,107/07/25,84.75
107/07/26,107/07/26,85
107/07/27,107/07/27,85.7
107/07/30,107/07/30,85.55
107/07/31,107/07/31,85.55
107/08/01,107/08/01,86.15
107/08/02,107/08/02,84.85
107/08/03,107/08/03,85.55
107/08/06,107/08/06,85.7
107/08/07,107/08/07,85.5
107/08/08,107/08/08,86.15
107/08/09,107/08/09,86.15
107/08/10,107/08/10,85.7
107/08/13,107/08/13,83.95
107/08/14,107/08/14,84.55
107/08/15,107/08/15,83.75
107/08/16,107/08/16,83.8
107/08/17,107/08/17,83.65
107/08/20,107/08/20,83.95
107/08/21,107/08/21,84.55
107/08/22,107/08/22,84.65
107/08/23,107/08/23,85.05
107/08/24,107/08/24,84.8
107/08/27,107/08/27,85.55
107/08/28,107/08/28,86.25
107/08/29,107/08/29,87.25
107/08/30,107/08/30,87.55
107/08/31,107/08/31,86.95
